{
    "result": [
        {
            "id": 10454,
            "slug": "EZUGI-BaccaratSuperSix_130",
            "game_id": "EZUGI-BaccaratSuperSix_130",
            "skin_casino_game_id": 557349,
            "name": "Golden Baccarat Super Six",
            "image": "https://storage.googleapis.com/camasy-images/casino/ezugi__w__5fe20f89780d0.jpeg",
            "type": "live-casino",
            "description": null,
            "is_desktop": true,
            "is_mobile": true,
            "is_new": false,
            "has_demo": false,
            "free_games_support": false,
            "rank": 1,
            "provider_id": 109,
            "provider_name": "Ezugi",
            "provider_slug": "ezugi-w",
            "is_favorite": false
        },
        {
            "id": 10412,
            "slug": "EVOLUTION-rng~baccarat-rngbaccarat00000",
            "game_id": "EVOLUTION-rng~baccarat-rngbaccarat00000",
            "skin_casino_game_id": 557340,
            "name": "First Person Baccarat",
            "image": "https://storage.googleapis.com/camasy-images/casino/evolution__5fd769dd59897.jpeg",
            "type": "live-casino",
            "description": null,
            "is_desktop": true,
            "is_mobile": true,
            "is_new": false,
            "has_demo": false,
            "free_games_support": false,
            "rank": 1,
            "provider_id": 97,
            "provider_name": "Evolution",
            "provider_slug": "evolution",
            "is_favorite": false
        },
        {
            "id": 10452,
            "slug": "GA-79",
            "game_id": "GA-79",
            "skin_casino_game_id": 557311,
            "name": "Tesla",
            "image": "https://storage.googleapis.com/camasy-images/casino/gameart__5fe1f1f00aa33.jpeg",
            "type": "slot-game",
            "description": null,
            "is_desktop": true,
            "is_mobile": true,
            "is_new": false,
            "has_demo": false,
            "free_games_support": false,
            "rank": 1,
            "provider_id": 22,
            "provider_name": "GameArt",
            "provider_slug": "gameart",
            "is_favorite": false
        },
        {
            "id": 10451,
            "slug": "GA-231",
            "game_id": "GA-231",
            "skin_casino_game_id": 557310,
            "name": "Azrabah Wishes",
            "image": "https://storage.googleapis.com/camasy-images/casino/gameart__5fe1f1b51649d.jpeg",
            "type": "slot-game",
            "description": null,
            "is_desktop": true,
            "is_mobile": true,
            "is_new": false,
            "has_demo": false,
            "free_games_support": false,
            "rank": 1,
            "provider_id": 22,
            "provider_name": "GameArt",
            "provider_slug": "gameart",
            "is_favorite": false
        },
        {
            "id": 10450,
            "slug": "GA-192",
            "game_id": "GA-192",
            "skin_casino_game_id": 557309,
            "name": "Queen Of The Seas",
            "image": "https://storage.googleapis.com/camasy-images/casino/gameart__5fe1f170c16f9.jpeg",
            "type": "slot-game",
            "description": null,
            "is_desktop": true,
            "is_mobile": true,
            "is_new": false,
            "has_demo": false,
            "free_games_support": false,
            "rank": 1,
            "provider_id": 22,
            "provider_name": "GameArt",
            "provider_slug": "gameart",
            "is_favorite": false
        },
        {
            "id": 10449,
            "slug": "GA-144",
            "game_id": "GA-144",
            "skin_casino_game_id": 557308,
            "name": "Magic Dragon",
            "image": "https://storage.googleapis.com/camasy-images/casino/gameart__5fe1f13325e9e.jpeg",
            "type": "slot-game",
            "description": null,
            "is_desktop": true,
            "is_mobile": true,
            "is_new": false,
            "has_demo": false,
            "free_games_support": false,
            "rank": 1,
            "provider_id": 22,
            "provider_name": "GameArt",
            "provider_slug": "gameart",
            "is_favorite": false
        },
        {
            "id": 10448,
            "slug": "GA-27",
            "game_id": "GA-27",
            "skin_casino_game_id": 557307,
            "name": "Power Dragon",
            "image": "https://storage.googleapis.com/camasy-images/casino/gameart__5fe1f107d3ff9.jpeg",
            "type": "slot-game",
            "description": null,
            "is_desktop": true,
            "is_mobile": true,
            "is_new": false,
            "has_demo": false,
            "free_games_support": false,
            "rank": 1,
            "provider_id": 22,
            "provider_name": "GameArt",
            "provider_slug": "gameart",
            "is_favorite": false
        },
        {
            "id": 10447,
            "slug": "GA-240",
            "game_id": "GA-240",
            "skin_casino_game_id": 557306,
            "name": "Mariachy Fiesta",
            "image": "https://storage.googleapis.com/camasy-images/casino/gameart__5fe1f0ca78886.jpeg",
            "type": "slot-game",
            "description": null,
            "is_desktop": true,
            "is_mobile": true,
            "is_new": false,
            "has_demo": false,
            "free_games_support": false,
            "rank": 1,
            "provider_id": 22,
            "provider_name": "GameArt",
            "provider_slug": "gameart",
            "is_favorite": false
        },
        {
            "id": 10446,
            "slug": "GA-325",
            "game_id": "GA-325",
            "skin_casino_game_id": 557305,
            "name": "African Sunset 2",
            "image": "https://storage.googleapis.com/camasy-images/casino/gameart__5fe1f0410bed0.jpeg",
            "type": "slot-game",
            "description": null,
            "is_desktop": true,
            "is_mobile": true,
            "is_new": false,
            "has_demo": false,
            "free_games_support": false,
            "rank": 1,
            "provider_id": 22,
            "provider_name": "GameArt",
            "provider_slug": "gameart",
            "is_favorite": false
        },
        {
            "id": 10445,
            "slug": "GA-302",
            "game_id": "GA-302",
            "skin_casino_game_id": 557304,
            "name": "Dragon Whisperer",
            "image": "https://storage.googleapis.com/camasy-images/casino/gameart__5fe1ef5c59284.jpeg",
            "type": "slot-game",
            "description": null,
            "is_desktop": true,
            "is_mobile": true,
            "is_new": false,
            "has_demo": false,
            "free_games_support": false,
            "rank": 1,
            "provider_id": 22,
            "provider_name": "GameArt",
            "provider_slug": "gameart",
            "is_favorite": false
        },
        {
            "id": 10444,
            "slug": "GA-204",
            "game_id": "GA-204",
            "skin_casino_game_id": 557303,
            "name": "Flaming Reels",
            "image": "https://storage.googleapis.com/camasy-images/casino/gameart__5fe1ef324d527.jpeg",
            "type": "slot-game",
            "description": null,
            "is_desktop": true,
            "is_mobile": true,
            "is_new": false,
            "has_demo": false,
            "free_games_support": false,
            "rank": 1,
            "provider_id": 22,
            "provider_name": "GameArt",
            "provider_slug": "gameart",
            "is_favorite": false
        },
        {
            "id": 10416,
            "slug": "EVOLUTION-roulette-nk5ehmokeatqasnv",
            "game_id": "EVOLUTION-roulette-nk5ehmokeatqasnv",
            "skin_casino_game_id": 523196,
            "name": "Auto-Roulette",
            "image": "https://storage.googleapis.com/camasy-images/casino/evolution__5fd7679c15474.jpeg",
            "type": "live-casino",
            "description": null,
            "is_desktop": false,
            "is_mobile": true,
            "is_new": false,
            "has_demo": false,
            "free_games_support": false,
            "rank": 1,
            "provider_id": 97,
            "provider_name": "Evolution",
            "provider_slug": "evolution",
            "is_favorite": false
        },
        {
            "id": 10411,
            "slug": "EVOLUTION-lightningdice-nvrp4yxclncqbjts",
            "game_id": "EVOLUTION-lightningdice-nvrp4yxclncqbjts",
            "skin_casino_game_id": 523195,
            "name": "Lightning Dice",
            "image": "https://storage.googleapis.com/camasy-images/casino/evolution__5fd76a2b3ead5.jpeg",
            "type": "live-casino",
            "description": null,
            "is_desktop": false,
            "is_mobile": true,
            "is_new": false,
            "has_demo": false,
            "free_games_support": false,
            "rank": 1,
            "provider_id": 97,
            "provider_name": "Evolution",
            "provider_slug": "evolution",
            "is_favorite": false
        },
        {
            "id": 10410,
            "slug": "EVOLUTION-eth-nk5ehmn6eatqasnl",
            "game_id": "EVOLUTION-eth-nk5ehmn6eatqasnl",
            "skin_casino_game_id": 523194,
            "name": "Extreme Texas Hold'em",
            "image": "https://storage.googleapis.com/camasy-images/casino/evolution__5fd7798a8bb03.jpeg",
            "type": "live-casino",
            "description": null,
            "is_desktop": false,
            "is_mobile": true,
            "is_new": false,
            "has_demo": false,
            "free_games_support": false,
            "rank": 1,
            "provider_id": 97,
            "provider_name": "Evolution",
            "provider_slug": "evolution",
            "is_favorite": false
        },
        {
            "id": 10409,
            "slug": "EVOLUTION-csp-nk5ehmnoeatqasna",
            "game_id": "EVOLUTION-csp-nk5ehmnoeatqasna",
            "skin_casino_game_id": 523193,
            "name": "Caribbean Stud Poker",
            "image": "https://storage.googleapis.com/camasy-images/casino/evolution__5fd779a544090.jpeg",
            "type": "live-casino",
            "description": null,
            "is_desktop": false,
            "is_mobile": true,
            "is_new": false,
            "has_demo": false,
            "free_games_support": false,
            "rank": 1,
            "provider_id": 97,
            "provider_name": "Evolution",
            "provider_slug": "evolution",
            "is_favorite": false
        },
        {
            "id": 10408,
            "slug": "EVOLUTION-blackjack-nk5ehmpweatqasot",
            "game_id": "EVOLUTION-blackjack-nk5ehmpweatqasot",
            "skin_casino_game_id": 523192,
            "name": "Blackjack VIP A",
            "image": "https://storage.googleapis.com/camasy-images/casino/evolution__5fd77c1dbff99.jpeg",
            "type": "live-casino",
            "description": null,
            "is_desktop": false,
            "is_mobile": true,
            "is_new": false,
            "has_demo": false,
            "free_games_support": false,
            "rank": 1,
            "provider_id": 97,
            "provider_name": "Evolution",
            "provider_slug": "evolution",
            "is_favorite": false
        },
        {
            "id": 10407,
            "slug": "EVOLUTION-blackjack-lvgmxv5gv5tsz43z",
            "game_id": "EVOLUTION-blackjack-lvgmxv5gv5tsz43z",
            "skin_casino_game_id": 523191,
            "name": "Blackjack VIP A",
            "image": "https://storage.googleapis.com/camasy-images/casino/evolution__5fd77c146b050.jpeg",
            "type": "live-casino",
            "description": null,
            "is_desktop": true,
            "is_mobile": false,
            "is_new": false,
            "has_demo": false,
            "free_games_support": false,
            "rank": 1,
            "provider_id": 97,
            "provider_name": "Evolution",
            "provider_slug": "evolution",
            "is_favorite": false
        },
        {
            "id": 10406,
            "slug": "EVOLUTION-baccarat-nk5ehmnbeatqasmw",
            "game_id": "EVOLUTION-baccarat-nk5ehmnbeatqasmw",
            "skin_casino_game_id": 523190,
            "name": "Baccarat Squeeze",
            "image": "https://storage.googleapis.com/camasy-images/casino/evolution__5fd779d564107.jpeg",
            "type": "live-casino",
            "description": null,
            "is_desktop": false,
            "is_mobile": true,
            "is_new": false,
            "has_demo": false,
            "free_games_support": false,
            "rank": 1,
            "provider_id": 97,
            "provider_name": "Evolution",
            "provider_slug": "evolution",
            "is_favorite": false
        },
        {
            "id": 10346,
            "slug": "TOMHORN-VSlotWAW",
            "game_id": "TOMHORN-VSlotWAW",
            "skin_casino_game_id": 519161,
            "name": "Wonders of the Ancient World",
            "image": "https://storage.googleapis.com/camasy-images/casino/tomhorn__5fc767862e05b.jpeg",
            "type": "slot-game",
            "description": null,
            "is_desktop": true,
            "is_mobile": true,
            "is_new": false,
            "has_demo": false,
            "free_games_support": false,
            "rank": 1,
            "provider_id": 103,
            "provider_name": "TomHorn",
            "provider_slug": "tomhorn",
            "is_favorite": false
        },
        {
            "id": 10345,
            "slug": "TOMHORN-VSWolf_TNP",
            "game_id": "TOMHORN-VSWolf_TNP",
            "skin_casino_game_id": 519160,
            "name": "Wolf Sierra",
            "image": "https://storage.googleapis.com/camasy-images/casino/tomhorn__5fc767416539d.jpeg",
            "type": "slot-game",
            "description": null,
            "is_desktop": true,
            "is_mobile": true,
            "is_new": false,
            "has_demo": false,
            "free_games_support": false,
            "rank": 1,
            "provider_id": 103,
            "provider_name": "TomHorn",
            "provider_slug": "tomhorn",
            "is_favorite": false
        }
    ]
}