{
  "result": {
    "id": "22e9b46f-c7b8-11ea-9d84-645106a1180e",
    "company_id": "22e9b46f-c7b8-11ea-9d84-645106a1180e",
    "customer_id": "100456",
    "first_name": "john",
    "last_name": "doe",
    "gender": "female",
    "date_of_birth": "1997-09-17T00:00:00.000Z",
    "contact_number": "string",
    "country": "USA",
    "address": "string",
    "city": "string",
    "post_code": "string",
    "email": "me@example.com",
    "currency_id": "22e9b46f-c7b8-11ea-9d84-645106a1180e",
    "offer_email": true,
    "email_verified": true,
    "id_verified": true,
    "created_at": "2019-12-11T19:22:49.503Z",
    "updated_at": "2019-12-11T19:22:49.503Z"
  }
}
